,model,mean
0,All Ensemble,29.07508330018214
1,Crossdock Default2018,26.041408762170704
2,Crossdock Default2018 Ensemble,26.4469351422521
3,Default2017,25.999745210514437
4,Default Ensemble,26.937070869492736
5,Crossdock Dense,26.35405389046351
6,Crossdock Dense Ensemble,27.631240375399614
7,General Default2018,26.108382837324356
8,General Default2018 Ensemble,26.3824073180247
9,Vina,24.834344317614157
10,Redock Default2018,26.097665328663496
11,Redock Default2018 Ensemble,26.37913317086884
