,model,mean
0,All Ensemble,561.356745680017
1,Crossdock Default2018,31.708388182916007
2,Crossdock Default2018 Ensemble,59.36569010977228
3,Default2017,32.69913538405289
4,Default Ensemble,194.38337636435827
5,Crossdock Dense,76.70639444588788
6,Crossdock Dense Ensemble,449.4532267074506
7,General Default2018,31.712133232449105
8,General Default2018 Ensemble,58.70830265846275
9,Vina,24.86626057830125
10,Redock Default2018,31.818094953616377
11,Redock Default2018 Ensemble,59.0009902109274
