,Default Ensemble,Crossdock Default2018 Ensemble,Crossdock Dense Ensemble,General Default2018 Ensemble,Redock Default2018 Ensemble,All Ensemble,Vina
1,72.62910798122066,66.17370892018779,68.82629107981221,66.40845070422536,70.04694835680753,72.48826291079811,57.629107981220656
2,81.73708920187794,76.24413145539907,78.82629107981221,76.87793427230048,79.17840375586854,81.43192488262909,68.1455399061033
3,85.18779342723005,80.96244131455398,83.16901408450704,82.39436619718309,82.69953051643195,84.6244131455399,73.70892018779342
4,86.90140845070421,83.77934272300469,85.63380281690141,85.28169014084506,84.92957746478874,86.33802816901407,77.44131455399061
5,87.93427230046949,85.30516431924883,86.83098591549296,86.45539906103286,86.03286384976526,87.79342723004694,79.83568075117371
6,88.49765258215963,86.40845070422534,87.76995305164318,87.41784037558685,87.25352112676056,88.54460093896714,81.92488262910797
7,89.13145539906105,87.23004694835682,88.59154929577466,88.21596244131456,88.00469483568075,89.10798122065727,83.35680751173709
8,89.50704225352112,87.76995305164318,89.10798122065727,88.80281690140846,88.52112676056339,89.64788732394365,84.46009389671363
9,89.90610328638498,88.42723004694834,89.53051643192488,89.20187793427229,88.87323943661974,89.90610328638498,85.44600938967136
