,DefE_8,DefE_16,DefE_32,DefE_64
1,38.02816901408449,43.4037558685446,47.48826291079812,50.140845070422536
2,44.55399061032863,51.64319248826291,57.58215962441314,61.3849765258216
3,46.478873239436616,54.600938967136145,61.737089201877936,65.77464788732395
4,47.20657276995306,55.91549295774648,63.6150234741784,67.8169014084507
5,47.699530516431935,56.66666666666666,64.76525821596243,68.73239436619717
6,47.88732394366197,57.04225352112676,65.61032863849765,69.43661971830986
7,48.02816901408451,57.20657276995306,66.03286384976525,69.78873239436619
8,48.19248826291079,57.558685446009385,66.40845070422536,70.11737089201878
9,48.262910798122064,57.699530516431935,66.59624413145539,70.35211267605635
