,DE_8,DE_16,DE_32,DE_64,Vina_8,Vina_16,Vina_32,Vina_64
1,38.028169014084504,43.4037558685446,47.48826291079812,50.140845070422536,31.032863849765256,35.117370892018776,37.347417840375584,38.544600938967136
2,44.55399061032864,51.64319248826291,57.582159624413144,61.3849765258216,37.95774647887324,43.286384976525824,47.67605633802817,50.30516431924883
3,46.478873239436616,54.600938967136145,61.737089201877936,65.77464788732395,41.40845070422535,47.76995305164319,52.816901408450704,55.586854460093896
4,47.206572769953056,55.91549295774648,63.6150234741784,67.8169014084507,43.00469483568075,50.352112676056336,56.15023474178403,59.4131455399061
5,47.69953051643193,56.666666666666664,64.76525821596243,68.73239436619718,43.990610328638496,51.99530516431925,58.21596244131455,61.5962441314554
6,47.88732394366197,57.04225352112676,65.61032863849765,69.43661971830986,44.60093896713615,52.74647887323943,59.38967136150235,63.4037558685446
7,48.02816901408451,57.206572769953056,66.03286384976525,69.78873239436619,45.093896713615024,53.68544600938967,60.399061032863855,64.43661971830986
8,48.1924882629108,57.55868544600939,66.40845070422536,70.11737089201878,45.70422535211268,54.29577464788733,61.05633802816901,65.56338028169014
9,48.262910798122064,57.69953051643193,66.59624413145539,70.35211267605634,46.17370892018779,54.83568075117371,61.85446009389671,66.29107981220658
