,Crossdock Default2018 Ensemble,All Ensemble,Dense Ensemble,Redock Default2018 Ensemble,General Default2018 Ensemble
1,0.3245350772808172,0.3530468301250743,0.31731036181125083,0.29428615137323144,0.3576603506621454
2,0.3721596269749993,0.40469501698672095,0.4087360667741321,0.35828699683559784,0.42646326857446715
3,0.41381240817797466,0.43744086151853984,0.45702535475410805,0.39035402917944917,0.464288482854658
4,0.42765770347950094,0.44712186752206834,0.4799130431854748,0.4092550476998069,0.48676763277890517
5,0.4440455250228582,0.4525015679910366,0.4962737925772229,0.4276382035134412,0.5005472247775604
6,0.4642069023633592,0.46123261734395105,0.5098501905842472,0.43768905841049577,0.5182498106303358
7,0.4737434722764355,0.4649163839478493,0.5169222854605466,0.44575175061231365,0.5213735325563231
8,0.4895261747354875,0.4689347470740376,0.5222374776397894,0.456208317574184,0.5243205790256106
9,0.49509593843516775,0.4720379098493315,0.5240856768855887,0.47041273872709427,0.5282640466636264
