,Default Ensemble,Crossdock Default2018 Ensemble,Dense Ensemble,General Default2018 Ensemble,Redock Default2018 Ensemble,All Ensemble
1,,0.3700909770742597,0.38541540020263426,0.38379911797085053,0.3430947665978061,0.41374230801282486
2,,0.44185169103102223,0.4649923025302966,0.46953001574582126,0.41514364224090666,0.4906343504519797
3,,0.4795395882401961,0.5097637139962368,0.5079517164699535,0.4522376281266859,0.5264606990442856
4,,0.503498324539358,0.5359775457571809,0.529940295267043,0.47484917564704804,0.5432055246340961
5,,0.5217912077790497,0.5527391588485814,0.5470435466256134,0.4958324122685825,0.5580620687991509
6,,0.5341579604117599,0.5635304302249591,0.5605273205349192,0.5076692456479691,0.5672876068544762
7,,0.5439217073031662,0.5712365952183582,0.5659173914569051,0.519683921279666,0.572622337136015
8,,0.5529750281801954,0.5767180050614702,0.5716732018403751,0.5290665995605204,0.5779982850651544
9,,0.5598961389842849,0.5816414031763575,0.5767858020061667,0.5382236169774164,0.5821889981008521
