,Default Ensemble,Crossdock Default2018 Ensemble,Dense Ensemble,General Default2018 Ensemble,Redock Default2018 Ensemble,All Ensemble
1,,0.34222439951660494,0.3423507994489921,0.3876065135343781,0.31364677915896017,0.40433714644437235
2,,0.37927549492589,0.4202420804494585,0.5083098365701078,0.37145899413381356,0.45725748598340643
3,,0.4306330026869893,0.5071407044153486,0.5328938000926923,0.4018556194402335,0.5083412189150239
4,,0.44180524530918874,0.5170026857462118,0.5423141765926958,0.426329968383894,0.5194753163284312
5,,0.46359670353917487,0.5323105772370263,0.555717218361722,0.4630053178260837,0.5332748571113006
6,,0.49746163543030414,0.5389634488565915,0.5634932527069999,0.4764072549946895,0.5396386230099578
7,,0.5101345112457588,0.5668695051594834,0.5668662956882562,0.4821440176122677,0.545405746814859
8,,0.5175118161927008,0.5778853175599363,0.5741483333141565,0.4859856244344721,0.5770874145704248
9,,0.5293556091522276,0.5791108077560146,0.5769659262639539,0.5028250658289072,0.579407731583245
