,Default Ensemble,Crossdock Default2018 Ensemble,Crossdock Dense Ensemble,General Default2018 Ensemble,Redock Default2018 Ensemble,All Ensemble,Vina
1,38.575694147122725,30.254067771309145,34.00226593330042,33.857093098472404,30.480668756530825,35.8646946922809,18.675736961451253
2,40.5106956535528,35.766570594156796,40.18526684043925,38.41502558743939,34.03093841024876,38.8379130448096,24.85827664399093
3,41.83395572681288,36.764159212435075,41.61156468053021,40.86403634679497,35.856124718193676,40.24109606868228,29.169346526489377
4,45.20483484769199,40.38722580101891,42.03355648183235,43.256609291092055,37.856124718193676,43.331247296764545,32.32502418216704
5,45.970140970140974,40.700705424843356,44.90800387352111,44.761598554702005,38.278116519495825,44.1270032649343,34.35825285825286
6,47.07558314701173,40.83863645932612,44.90800387352111,44.761598554702005,38.85282916317399,44.29941705803776,38.76456083598941
7,47.21844028986887,41.10388844871604,45.66586670034946,45.02685054409193,39.1631739907602,45.01206073619867,41.37445094587952
8,47.49316556459414,41.241819483198796,46.37851037851038,45.97934632417391,39.1631739907602,45.85202536926675,42.08873666016523
9,47.817840889269455,41.37975051768154,46.37851037851038,45.97934632417391,39.1631739907602,46.42673801294491,42.231593803022385
