,Default Ensemble,Crossdock Default2018 Ensemble,Crossdock Dense Ensemble,General Default2018 Ensemble,Redock Default2018 Ensemble,All Ensemble,Vina
1,38.575694147122725,31.929808286951143,35.811870669013516,35.661513090084526,32.16450216450217,37.74081474081474,18.675736961451253
2,40.5106956535528,37.63918621061478,42.21569303712162,40.38222888222888,35.84156716299574,40.820219463076604,24.85827664399093
3,41.833955726812874,38.680133358704786,43.69293008578723,42.918704311561456,37.73193869622441,42.27351616637331,29.16934652648938
4,45.20483484769199,42.432595182595186,44.13772338772339,45.396726289583434,39.80336726765298,45.48176030318888,32.32502418216704
5,45.970140970140974,42.757270507270505,47.11482961482961,46.95546516975089,40.24816056958914,46.3059361273647,34.35825285825286
6,47.07558314701173,42.90012765012765,47.11482961482961,46.95546516975089,40.843398664827234,46.48450755593613,38.76456083598941
7,47.218440289868866,43.17485292485293,47.899758971187545,47.230190444476165,41.1648272362558,47.22260279403137,41.374450945879516
8,47.493165564594136,43.31771006771007,48.637854209282786,48.224434295862864,41.1648272362558,48.09256616399474,42.088736660165225
9,47.81784088926946,43.460567210567206,48.637854209282786,48.224434295862864,41.1648272362558,48.687804259232834,42.23159380302238
