,Default Ensemble,Crossdock Default2018 Ensemble,Crossdock Dense Ensemble,General Default2018 Ensemble,Redock Default2018 Ensemble,All Ensemble,Vina
1,45.9851719162064,38.037854865441076,40.53812853812854,44.10708065880482,36.32973922629096,43.67093442955512,26.018609742747675
2,51.11533294291914,43.242003207520455,48.916646571818994,50.695327660844896,42.811590708142425,47.82204002893658,35.865900383141756
3,53.63496273841103,52.08489211937489,53.60867867764418,52.89817079472252,45.0620528896391,50.23089554124036,42.80061700751356
4,55.53389139596035,52.71185136702378,54.23922054956536,54.02132350408213,48.419867488833006,51.633194391815074,46.09016271085237
5,56.42968525727146,55.01472091127264,55.49940863733968,56.14028500235396,49.3501441087648,51.898446381205,46.67950440364233
6,56.69493724666137,55.71257478154029,56.52252345355792,57.163399818572216,52.197434749158894,53.414172034861686,47.39616705133946
7,57.8772032565136,56.56314949418398,56.787775442947854,58.18651463479048,52.600617773031566,54.10382720727548,49.65080896115379
8,58.63506608334193,56.87349432177019,57.74268260475156,59.46414505035194,53.022609574333714,54.24175824175824,49.91606095054372
9,58.63506608334193,57.80377094170196,58.72790427962841,59.63655884345539,55.780472401162044,54.414172034861686,53.6295888020026
