,Default Ensemble,Crossdock Default2018 Ensemble,Crossdock Dense Ensemble,General Default2018 Ensemble,Redock Default2018 Ensemble,All Ensemble
1,41.374230801282486,37.00909770742597,38.541540020263426,38.37991179708505,34.30947665978061,39.470793475352735
2,49.06343504519797,44.185169103102226,46.49923025302966,46.953001574582125,41.51436422409066,46.52232924117424
3,52.64606990442856,47.95395882401961,50.97637139962367,50.79517164699535,45.22376281266859,49.33831037250492
4,54.32055246340961,50.349832453935804,53.59775457571809,52.9940295267043,47.4849175647048,50.702645210244015
5,55.80620687991509,52.17912077790498,55.27391588485814,54.704354662561336,49.58324122685825,51.881047776944435
6,56.72876068544762,53.41579604117599,56.35304302249591,56.052732053491916,50.76692456479691,52.49758549454599
7,57.262233713601496,54.39217073031662,57.123659521835826,56.59173914569051,51.9683921279666,52.911941823795935
8,57.79982850651544,55.29750281801954,57.67180050614702,57.16732018403751,52.90665995605204,53.30591959543328
9,58.21889981008521,55.989613898428495,58.16414031763575,57.67858020061667,53.82236169774164,53.504178783054165
