,Default Ensemble,Crossdock Default2018 Ensemble,Crossdock Dense Ensemble,General Default2018 Ensemble,Redock Default2018 Ensemble,All Ensemble,Vina
1,38.81929397388305,35.0640990345512,37.1154058572453,36.21176482776855,31.500221201265717,37.90377690890681,26.91559503308066
2,46.93437106223728,40.720967558298376,46.66127373580889,44.735013561414405,38.617617023632995,45.55620022171901,33.732602942103306
3,50.68387253633431,45.90039814801249,50.49333986204688,48.604635599090535,43.176808543091624,49.22496070325053,38.66872933484354
4,52.25750128128986,48.35924112521607,52.874675537522705,50.892148078980064,46.25863763100882,51.50466244700046,42.45436342471334
5,54.13165436381935,51.33886289305282,54.45833477711578,52.959753119636964,47.84789297508436,52.97905855373258,45.41225019864986
6,55.08638042113397,52.58788205034417,55.422752626708046,54.8812912408385,49.98705459841424,53.767515993352795,46.58922130211082
7,56.96285567483059,53.28590440698864,56.45403783049938,55.451055472934435,51.234546486971,54.21922031378419,48.134588518148185
8,57.53571079129036,54.28209973633379,56.87531683393369,56.45583597993631,51.96115076566633,54.824182987596295,48.905417049919
9,58.06526505485626,55.05113627235318,57.760911392034366,56.948645914606715,53.19063431767419,54.907017143104866,50.13704512053457
