,Default Ensemble,Crossdock Default2018 Ensemble,Crossdock Dense Ensemble,General Default2018 Ensemble,Redock Default2018 Ensemble,All Ensemble,Vina
1,38.575694147122725,31.929808286951147,35.81187066901352,35.661513090084526,32.164502164502174,37.74081474081474,18.675736961451253
2,40.5106956535528,37.63918621061478,42.21569303712162,40.38222888222889,35.841567162995744,40.82021946307661,24.85827664399093
3,41.83395572681288,38.68013335870479,43.69293008578723,42.91870431156145,37.73193869622441,42.27351616637331,29.169346526489377
4,45.20483484769199,42.432595182595186,44.13772338772339,45.396726289583434,39.80336726765298,45.481760303188885,32.32502418216704
5,45.970140970140974,42.757270507270505,47.11482961482961,46.95546516975089,40.248160569589146,46.3059361273647,34.35825285825286
6,47.07558314701173,42.90012765012765,47.11482961482961,46.95546516975089,40.84339866482723,46.48450755593613,38.76456083598941
7,47.21844028986887,43.174852924852935,47.89975897118754,47.23019044447617,41.164827236255796,47.22260279403136,41.37445094587952
8,47.49316556459414,43.31771006771007,48.637854209282786,48.22443429586286,41.164827236255796,48.09256616399474,42.08873666016523
9,47.817840889269455,43.460567210567206,48.637854209282786,48.22443429586286,41.164827236255796,48.68780425923283,42.231593803022385
