,Default Ensemble,Crossdock Default2018 Ensemble,Crossdock Dense Ensemble,General Default2018 Ensemble,Redock Default2018 Ensemble,All Ensemble
1,40.433714644437245,34.22243995166049,34.23507994489921,38.760651353437815,31.364677915896014,36.168282192995775
2,45.725748598340644,37.927549492589,42.02420804494585,50.83098365701078,37.14589941338136,41.40965752421047
3,50.83412189150239,43.06330026869893,50.714070441534865,53.28938000926923,40.18556194402335,43.51300629318707
4,51.947531632843116,44.180524530918866,51.700268574621184,54.231417659269574,42.632996838389396,44.18484231652752
5,53.327485711130066,46.359670353917494,53.23105772370264,55.5717218361722,46.30053178260837,44.88689829229726
6,53.96386230099578,49.746163543030406,53.896344885659154,56.3493252707,47.64072549946896,45.345465450648746
7,54.5405746814859,51.01345112457588,56.68695051594835,56.686629568825616,48.214401761226775,45.76219881199385
8,57.70874145704247,51.7511816192701,57.78853175599363,57.41483333141564,48.59856244344721,46.009731915833314
9,57.9407731583245,52.93556091522276,57.91108077560146,57.696592626395386,50.28250658289072,46.245766534244005
