,Default Ensemble,Crossdock Default2018 Ensemble,Crossdock Dense Ensemble,General Default2018 Ensemble,Redock Default2018 Ensemble,All Ensemble,Vina
1,41.85627541183097,34.96424563091229,38.99008810119921,38.834161723050606,35.20763187429854,40.9904745460301,23.07113462669018
2,43.862943640721426,40.885081996193115,45.631089075533524,43.72971884082995,39.020884465328905,44.18393129504241,29.482657260435037
3,45.235213346324464,42.05276616387727,47.163038607483045,46.360137804582244,40.981269759047535,45.69105380216492,33.953396397840855
4,48.730939842050965,45.94420805531916,47.7124891569336,48.92993837438282,43.12941790719568,49.10630521741633,37.22595100372879
5,49.6127740572185,46.2809083920195,50.79985857763636,50.5464083241861,43.67886845664624,49.961006072117186,39.334484445595564
6,50.75915853693631,46.42905654016764,50.79985857763636,50.5464083241861,44.29615240726353,50.14619125730238,43.90398901510014
7,50.90730668508446,46.71395682506794,51.61385939163717,50.83130860908639,44.62948574059685,50.91162335606781,44.758689869800975
8,51.19220696998474,46.86210497321608,52.3792914904026,51.95055972833751,44.62948574059685,51.813807591585366,45.499430610541715
9,51.52890730668508,47.01025312136423,52.3792914904026,51.95055972833751,44.62948574059685,52.431091542202644,45.64757875868988
