,DefE_No Empirical Weight,DefE_0.01,DefE_0.1,DefE_1,DefE_10
1,34.65623916159678,35.37327714671796,35.67223719299439,35.717243253755896,35.293057889447034
2,41.26840412568165,41.82759351486026,42.01531200749199,42.02772549250176,41.55404053173473
3,44.543349684869824,45.1824743224747,45.46935748321804,45.1309352254968,44.68302803007124
4,46.68891629320238,47.108223345488156,47.22601441069372,46.85347437949299,46.40773605837474
5,47.877880402379255,48.08747636197522,48.4734420361849,47.81674255040998,47.34983509110129
6,48.616772827845885,49.03744942957554,49.34830771424207,48.70702838750432,48.18666079494828
7,49.31613511403632,49.63290793633027,49.94352608625818,49.3609185841497,48.85506762997049
8,49.83363534430249,50.09811471536684,50.45268300498957,49.877328887794036,49.279187245579465
9,50.32342687664722,50.56097277928874,50.854681715498934,50.237618716169,49.571740437068826
