,DefE_No Empirical Weight,DefE_0.01,DefE_0.1,DefE_1,DefE_10
1,35.781060073442085,36.52960373391703,36.65000711172193,36.67595419352904,36.25420968040335
2,42.630520646482466,43.2040737436874,43.21036112744423,43.22829704430538,42.76665908238565
3,46.03357627127276,46.68611764769837,46.786288593698046,46.44855557420431,45.99482489762527
4,48.21403002416913,48.66279731314257,48.60519189203434,48.230480693776215,47.77314763289375
5,49.432561127624105,49.66684022538246,49.89518166864908,49.22435580149652,48.725982862617656
6,50.19969809196505,50.655258029276155,50.792164000827,50.13604885422418,49.584346778960416
7,50.92088262632205,51.25344203506536,51.410257398438794,50.810975592629916,50.27334715826235
8,51.451235520911816,51.73047445785641,51.93558923311494,51.323878616051886,50.71314931385294
9,51.957178001364404,52.205849071555,52.35044952067082,51.69824155247652,51.014487706636935
