,DefE_0.01,DefE_0.1,DefE_1,DefE_10,DefE_No Empirical Weight
1,40.32400097369703,40.67330162238977,40.56122668280722,40.529985043662855,40.02939402711439
2,47.792142001868456,48.131602608806254,48.29961578441821,47.97646569911008,47.38639762803897
3,51.43344320320006,52.205226384557704,52.081778488313425,51.42369088189757,51.11744672079018
4,53.97215862489418,54.51110431277605,54.165840997907885,53.65164124966557,53.15519502449594
5,55.34703197849095,56.221053347193156,55.526529954341505,54.98589564774976,54.85683912507622
6,56.33363816190564,57.18528533270175,56.44437865410511,55.853884042333895,56.00998368399585
7,57.164553700268,58.010676675570295,57.15032873239561,56.51696842502314,56.74439466308768
8,57.85945100154826,58.72108624236282,57.6597159173147,56.95059803418466,57.363457633214466
9,58.14668504410146,59.02275797488564,58.06305784725239,57.42847712908504,57.84802979863771
