,DefE_0.01,DefE_0.1,DefE_1,DefE_10,Vina
1,40.32400097369703,40.67330162238977,40.561226682807224,40.529985043662855,28.938260152545862
2,47.792142001868456,48.131602608806254,48.29961578441821,47.97646569911008,36.06752391478834
3,51.43344320320006,52.205226384557704,52.081778488313425,51.42369088189757,40.153839743505394
4,53.97215862489418,54.51110431277605,54.165840997907885,53.65164124966557,43.37142813282631
5,55.34703197849095,56.221053347193156,55.526529954341505,54.98589564774976,45.847012241389145
6,56.33363816190564,57.18528533270175,56.44437865410511,55.853884042333895,47.18301666249996
7,57.164553700267994,58.010676675570295,57.15032873239561,56.51696842502314,48.55158839809295
8,57.85945100154826,58.72108624236282,57.6597159173147,56.95059803418466,49.68012298407435
9,58.14668504410146,59.022757974885636,58.06305784725239,57.42847712908504,50.77681175629504
