,DefE_0.01,DefE_0.1,DefE_1,DefE_10,Vina
1,40.324000973697025,40.673301622389765,40.56122668280723,40.52998504366286,28.938260152545862
2,47.79214200186845,48.131602608806254,48.29961578441821,47.97646569911008,36.06752391478834
3,51.433443203200056,52.205226384557704,52.08177848831343,51.42369088189758,40.153839743505394
4,53.972158624894185,54.51110431277605,54.16584099790788,53.65164124966557,43.37142813282631
5,55.347031978490946,56.22105334719316,55.526529954341505,54.98589564774976,45.847012241389145
6,56.33363816190564,57.18528533270175,56.44437865410511,55.8538840423339,47.18301666249996
7,57.16455370026799,58.010676675570295,57.15032873239561,56.51696842502314,48.55158839809295
8,57.859451001548265,58.72108624236283,57.6597159173147,56.950598034184665,49.68012298407435
9,58.14668504410145,59.02275797488563,58.06305784725239,57.42847712908503,50.77681175629504
