,Default Ensemble,Crossdock Default2018 Ensemble,Crossdock Dense Ensemble,General Default2018 Ensemble,Redock Default2018 Ensemble,All Ensemble,Vina
1,37.35312473772226,33.389179108236014,34.4218894781605,35.42877049845264,31.085048214144106,37.25572055172144,26.847205563730622
2,44.1357615001071,39.984322750251174,41.87353569916613,42.47278615955849,37.27235706458954,43.976037590342855,32.84511202120914
3,47.09089197875089,43.26272282017901,45.63875798547082,45.95440887144346,40.92467361653451,47.017528516887566,37.324625175470594
4,49.30021971455171,45.919195293777115,47.943944487225075,48.353362954564744,43.538588229423674,49.489694008953116,39.58840632308034
5,50.559581030838594,47.357898473472936,50.0203319791101,49.623951209582174,45.10745386792267,50.55747977332843,41.53031326823214
6,51.32805613142916,48.44982592008964,50.78212503413682,50.70306263906579,46.2246032242199,51.20246652739,43.63709583214745
7,51.87295277496313,49.35481235452024,51.49129193754132,51.318241306397034,47.187315656976054,51.779014765848935,44.70752777327054
8,52.342591468446464,50.19711520334374,52.211887346070604,51.88303291527016,47.983351384697784,52.30329898546563,45.68244825669514
9,52.638397744268865,50.74815989086552,52.70409858627589,52.23911371766835,48.678662871375856,52.684553148365204,46.399421893172715
