,Default Ensemble,Crossdock Default2018 Ensemble,Crossdock Dense Ensemble,General Default2018 Ensemble,Redock Default2018 Ensemble,All Ensemble,Vina
1,36.02247467337353,32.13889795086762,33.10593295667298,34.10244134979897,29.804379672342964,35.97165260709284,25.631830486115323
2,42.700199322819294,38.64673686757307,40.50597064569944,41.08656060530333,35.93237830658064,42.57032626529192,31.59178597139748
3,45.63474933258677,41.88090014120493,44.211080820108855,44.51518528500552,39.52782489788632,45.586153502198925,35.477988073560915
4,47.8482208740412,44.49532877799081,46.49130450533182,46.89071531345454,42.112579592800046,48.03838364902211,37.72633005674337
5,49.0937277137884,45.91479828814087,48.55458009675685,48.1397907616121,43.673748992007944,49.0870754939274,39.66288725319867
6,49.85878041081865,47.00074989858656,49.3071072972807,49.20033341276991,44.78702773835121,49.729120160340926,41.7516095604699
7,50.39838501291977,47.88557439712403,50.00809129555608,49.82363815053041,45.74351084621554,50.29863596190845,43.35032691270833
8,50.861572285363714,48.721441480768384,50.721964242774064,50.37776872742696,46.532820687068174,50.81632006602314,44.31317394883378
9,51.15182020247096,49.274569375936935,51.20574214263816,50.732779021208295,47.223718323702144,51.19169631631172,45.01977875089139
