,Default Ensemble,Crossdock Default2018 Ensemble,Crossdock Dense Ensemble,General Default2018 Ensemble,Redock Default2018 Ensemble,All Ensemble,Vina
1,35.0552290744665,30.351127330719162,31.271381679544948,32.25502728563953,28.95638319802453,35.03077806708871,25.12527449781102
2,41.49318555046498,36.502525818852355,38.2514231799946,38.808105726473066,34.88257520932292,41.37047778165857,30.888327088910483
3,44.34789862047375,39.59015247790757,41.81905622721949,42.09229999025917,38.34766904827696,44.286401086889725,34.64941445890559
4,46.4980311061166,42.09901662962889,44.0025144923104,44.419195317154504,40.83377632161826,46.688344999875916,36.848573347102615
5,47.70669395327931,43.43493467983264,46.01370964636271,45.61251786761991,42.33939481659847,47.69749317432171,38.72537821309761
6,48.453401146795024,44.495876006080096,46.74064937330244,46.62021651817571,43.42702645210244,48.32370207180718,40.749169662249365
7,48.97594970298022,45.31716582736991,47.42213455478762,47.24754950265154,44.354653789304244,48.87450977175305,42.122809729952586
8,49.4243700769325,46.13633532000879,48.139456914967134,47.801384556486596,45.123942420295,49.376374927873535,43.05369397192124
9,49.704765213710616,46.67907036274384,48.6116513871616,48.158900056859245,45.792430382855905,49.73997291381194,43.73889925971013
