,Default Ensemble,Crossdock Default2018,Crossdock Dense,General Default2018,Redock Default2018,Default2017,Vina
1,36.02247467337353,31.093995510411844,31.42620788834884,33.22745930991062,29.024372393061984,24.893677993470202,25.631830486115323
2,42.700199322819294,37.42333149858466,38.654185588909826,40.598361063901784,35.55968064809053,32.371224121459406,31.59178597139748
3,45.63474933258677,41.48202545600984,42.096535122393945,44.102536887500364,38.63546883001202,36.73921150656268,35.477988073560915
4,47.8482208740412,43.780363321481865,44.703639505541716,46.73922430392157,41.45720264959001,40.3043917339705,37.72633005674337
5,49.0937277137884,45.417258960905826,46.675307636535884,47.844013199029554,42.89336835492398,42.217448127619456,39.66288725319867
6,49.85878041081865,46.51165622066878,47.78570086075201,49.01688315568711,44.09579674067834,43.911726177557966,41.7516095604699
7,50.39838501291977,47.50651756131129,48.59380709896522,49.71334770854291,45.009109647870254,45.30707322802723,43.35032691270833
8,50.861572285363714,48.240388626353464,49.396385806390676,50.30497020479374,45.979661925484244,46.85113767005728,44.31317394883378
9,51.15182020247096,48.94706625972389,49.882866682729556,50.680070851958845,46.77893496524642,47.53653105379796,45.01977875089139
