,Default Ensemble,Crossdock Default2018 Ensemble,Dense Ensemble,General Default2018 Ensemble,Redock Default2018 Ensemble,All Ensemble
1,0.41883244077772946,0.3700909770742597,0.38541540020263426,0.38379911797085053,0.3430947665978061,0.3947079347535274
2,0.49791091549450217,0.44185169103102223,0.4649923025302966,0.46953001574582126,0.41514364224090666,0.4652232924117424
3,0.5350217656372672,0.4795395882401961,0.5097637139962368,0.5079517164699535,0.4522376281266859,0.4933831037250492
4,0.5570396101703093,0.503498324539358,0.5359775457571809,0.529940295267043,0.47484917564704804,0.5070264521024401
5,0.5726719978771649,0.5217912077790497,0.5527391588485814,0.5470435466256134,0.4958324122685825,0.5188104777694443
6,0.5837675276429075,0.5341579604117599,0.5635304302249591,0.5605273205349192,0.5076692456479691,0.5249758549454598
7,0.5919002991267428,0.5439217073031662,0.5712365952183582,0.5659173914569051,0.519683921279666,0.5291194182379594
8,0.5981211704539972,0.5529750281801954,0.5767180050614702,0.5716732018403751,0.5290665995605204,0.5330591959543328
9,0.6023381338350943,0.5598961389842849,0.5816414031763575,0.5767858020061667,0.5382236169774164,0.5350417878305417
