,Default Ensemble,Crossdock Default2018 Ensemble,Crossdock Dense Ensemble,General Default2018 Ensemble,Redock Default2018 Ensemble,All Ensemble,Vina
1,41.88324407777295,37.00909770742597,38.54154002026343,38.37991179708505,34.30947665978061,39.470793475352735,28.938260152545865
2,49.79109154945022,44.185169103102226,46.49923025302966,46.95300157458213,41.51436422409066,46.52232924117424,36.067523914788346
3,53.50217656372672,47.95395882401961,50.97637139962367,50.79517164699535,45.22376281266859,49.33831037250492,40.1538397435054
4,55.703961017030934,50.3498324539358,53.59775457571809,52.9940295267043,47.4849175647048,50.702645210244015,43.37142813282631
5,57.26719978771649,52.17912077790498,55.27391588485814,54.704354662561336,49.58324122685825,51.881047776944435,45.84701224138914
6,58.37675276429075,53.41579604117599,56.35304302249591,56.052732053491916,50.76692456479691,52.49758549454599,47.18301666249996
7,59.19002991267428,54.39217073031662,57.123659521835826,56.59173914569051,51.9683921279666,52.911941823795935,48.55158839809296
8,59.81211704539972,55.29750281801954,57.67180050614702,57.16732018403751,52.90665995605204,53.30591959543328,49.68012298407435
9,60.23381338350943,55.989613898428495,58.16414031763575,57.67858020061667,53.82236169774164,53.504178783054165,50.77681175629504
