,Default Ensemble,Crossdock Default2018,Crossdock Dense,General Default2018,Redock Default2018,Default2017,Vina
1,41.88324407777295,41.37423080128249,36.54779997105224,37.642608236073286,33.86947087023075,27.96755549415124,28.938260152545865
2,49.79109154945022,49.06343504519797,44.79036018017781,46.13674083430922,40.63141072031649,37.08264253477019,36.067523914788346
3,53.50217656372672,52.64606990442856,48.96662127133252,50.64089330122765,44.092973811058926,42.34618437961904,40.1538397435054
4,55.703961017030934,54.32055246340961,51.74233432896046,52.62516612060685,46.35941700987294,45.43611319447186,43.37142813282631
5,57.26719978771649,55.80620687991509,53.506991320061225,54.21358066114905,48.092408014140545,48.0335815822138,45.84701224138914
6,58.37675276429075,56.72876068544762,54.76240257547248,55.475600556147654,49.49392316565568,50.13052364724098,47.18301666249996
7,59.19002991267428,57.262233713601496,55.834690807335186,56.359116567323255,50.48812045772533,51.81941100102194,48.55158839809296
8,59.81211704539972,57.79982850651544,56.517928963977596,57.023772242617234,51.37124501638179,53.09523919174376,49.68012298407435
9,60.23381338350943,58.21889981008521,57.14102926792896,57.5062950389698,52.028779983947146,54.089597670144784,50.77681175629504
