,Vina,Default Ensemble Rescore,Default Ensemble Refine
1,26.847205563730625,37.35312473772226,36.58572901076534
2,32.84511202120914,44.1357615001071,43.493739051448
3,37.324625175470594,47.09089197875089,46.943268438663424
4,39.58840632308034,49.30021971455171,49.169661887409326
5,41.53031326823214,50.559581030838594,50.39332402640437
6,43.63709583214745,51.32805613142916,51.20969013191123
7,44.70752777327054,51.87295277496313,51.87186151780163
8,45.68244825669514,52.342591468446464,52.41232652184495
9,46.39942189317272,52.638397744268865,52.87646926463804
