,Default Ensemble,Crossdock Default2018 Ensemble,Crossdock Dense Ensemble,General Default2018 Ensemble,Redock Default2018 Ensemble,All Ensemble,Vina
1,41.37423080128249,37.00909770742597,38.541540020263426,38.37991179708505,34.30947665978061,39.470793475352735,28.938260152545862
2,49.06343504519797,44.185169103102226,46.49923025302965,46.95300157458213,41.514364224090656,46.52232924117424,36.06752391478834
3,52.64606990442856,47.953958824019615,50.97637139962367,50.795171646995364,45.22376281266859,49.33831037250492,40.153839743505394
4,54.320552463409605,50.3498324539358,53.5977545757181,52.994029526704296,47.4849175647048,50.702645210244036,43.37142813282631
5,55.806206879915095,52.17912077790498,55.27391588485814,54.70435466256134,49.583241226858256,51.881047776944435,45.847012241389145
6,56.72876068544762,53.415796041176,56.35304302249591,56.05273205349192,50.766924564796895,52.497585494546,47.18301666249996
7,57.2622337136015,54.39217073031662,57.12365952183583,56.59173914569051,51.9683921279666,52.911941823795935,48.55158839809295
8,57.79982850651544,55.297502818019545,57.67180050614702,57.16732018403751,52.90665995605204,53.30591959543328,49.68012298407435
9,58.21889981008521,55.989613898428495,58.16414031763575,57.67858020061667,53.82236169774164,53.50417878305417,50.77681175629504
