,Default Ensemble,Crossdock Default2018,Crossdock Dense,General Default2018,Redock Default2018,Default2017,Vina
1,37.35312473772226,32.34190681451031,32.725481093874244,34.56143514185185,30.26894518803336,26.651042430108888,26.847205563730622
2,44.1357615001071,38.756943400902905,40.02945192164644,42.008064032518185,36.9328758290139,34.201127145609874,32.84511202120914
3,47.09089197875089,42.8886153907155,43.49674419272084,45.54241910641098,40.023724492757026,38.6193755260642,37.324625175470594
4,49.30021971455171,45.21570562041328,46.13762519876998,48.21977457662746,42.870437512035046,41.67138766404085,39.58840632308034
5,50.559581030838594,46.87182158451374,48.12666955986412,49.30373329375744,44.31661884219392,43.590193873643216,41.53031326823214
6,51.32805613142916,47.98308635265405,49.25215099612447,50.497529667277746,45.527301950427905,45.301816352455674,43.63709583214745
7,51.87295277496313,48.98592087113304,50.06247966061229,51.19894971624319,46.445402660662545,46.724543932592894,44.70752777327054
8,52.342591468446464,49.727154632208176,50.87432741753592,51.79465209808832,47.42250288597674,48.30812097942847,45.68244825669514
9,52.638397744268865,50.43210561913863,51.36435443193472,52.174151359888185,48.22689208449162,48.99706172205061,46.399421893172715
