,Vina,Default Ensemble Rescore,Default Ensemble Refine
1,25.14757336636065,35.0552290744665,34.65623916159678
2,30.92481614653713,41.49318555046498,41.26840412568165
3,34.69806653574112,44.34789862047375,44.543349684869824
4,36.90127976367444,46.4980311061166,46.68891629320238
5,38.78213896940573,47.70669395327931,47.877880402379255
6,40.80998475829378,48.453401146795024,48.616772827845885
7,42.185651995865136,48.97594970298022,49.31613511403632
8,43.11856340770196,49.4243700769325,49.83363534430249
9,43.80376869549081,49.704765213710616,50.32342687664722
