,Vina,Default Ensemble Rescore,Default Ensemble Refine
1,25.631830486115323,36.02247467337353,35.781060073442085
2,31.59178597139748,42.700199322819294,42.630520646482466
3,35.477988073560915,45.63474933258677,46.03357627127276
4,37.72633005674337,47.8482208740412,48.21403002416913
5,39.66288725319867,49.0937277137884,49.432561127624105
6,41.7516095604699,49.85878041081865,50.19969809196505
7,43.35032691270833,50.39838501291977,50.92088262632205
8,44.31317394883378,50.861572285363714,51.451235520911816
9,45.01977875089139,51.15182020247096,51.957178001364404
