,Default Ensemble,Crossdock Default2018,Crossdock Dense,General Default2018,Redock Default2018,Default2017,Vina
1,35.0552290744665,30.291481693236765,30.564461197636017,32.30445809487873,28.28677703565165,24.381448001508797,25.12527449781102
2,41.49318555046498,36.37896321357936,37.54371156128681,39.41718305008824,34.56586301407586,31.647989885831837,30.888327088910483
3,44.34789862047375,40.274339878835406,40.88207322195947,42.808826396555595,37.548062369019625,35.85890823124865,34.64941445890559
4,46.4980311061166,42.48262802552439,43.41245438713327,45.34692505150394,40.283929563141605,39.12867932472796,36.848573347102615
5,47.70669395327931,44.064911472377894,45.32513992473303,46.41352818451064,41.675016959750145,40.985302438189976,38.72537821309761
6,48.453401146795024,45.11723290218732,46.39402516897861,47.53449444085781,42.843843756438496,42.61620328337654,40.749169662249365
7,48.97594970298022,46.081475039216,47.16157888042386,48.23088847235822,43.73185545468258,43.95467922823546,42.122809729952586
8,49.424370076932505,46.795261843428314,47.93297556122342,48.807413602074845,44.67575056367332,45.422679903682955,43.05369397192124
9,49.704765213710616,47.480610773458096,48.40680964675964,49.171694711036814,45.45514788030467,46.08613819480082,43.738899259710124
