,Default Ensemble,Crossdock Default2018,Dense,General Default2018,Redock Default2018,Default2017,Vina
1,0.37458266701407505,0.35945364768301624,,0.3458132838159698,0.29491165553003645,0.2538919069584995,0.23844797582721153
2,0.4521354250467838,0.4292789780461098,,0.4288997450268065,0.3477267118693224,0.3354043805811209,0.2878540057365845
3,0.48477079429545455,0.47108640425246434,,0.46580454858310777,0.379870399643844,0.3896898166837706,0.3336258456263931
4,0.5075375933320811,0.48768780246894883,,0.4827663960253937,0.3981447172078169,0.4149666707527842,0.3768693133976822
5,0.5193683173213878,0.4999926499200704,,0.5029595661552857,0.410056261880103,0.434805887651197,0.39190502632904883
6,0.5297231805321655,0.5128862917312114,,0.5128687674287495,0.4339043672989532,0.45948231553466373,0.4069767745597685
7,0.538843067434546,0.5180850271037988,,0.5194722147755579,0.4464801107177357,0.4717271337882365,0.42538766393947847
8,0.5422592349942811,0.5222364460073565,,0.5237805913565661,0.4546323715255724,0.4811684071158806,0.4386913092182284
9,0.5468435529584443,0.5273810327407719,,0.5259292129605565,0.4603906187875553,0.48752234148798024,0.4482585868752639
