,Default Ensemble,Crossdock Default2018,Crossdock Dense,General Default2018,Redock Default2018,Default2017,Vina
1,41.85627541183097,37.09982198871087,33.95124628457961,37.761037316592876,32.78001011334344,27.53054353054353,23.071134626690185
2,43.862943640721426,40.8489946267724,37.54057876280099,43.814374925486035,39.623405401183184,38.48351237240126,29.48265726043504
3,45.23521334632446,43.88521766299544,39.34700279144723,46.40870651981763,41.16645494423272,41.35166479610924,33.95339639784085
4,48.73093984205096,44.771368549146324,46.17158561603005,48.841754952866054,43.45135522913301,43.05455449899895,37.22595100372879
5,49.61277405721851,45.945157722935505,48.35677080121524,49.12665523776635,43.45135522913301,44.080195524639976,39.33448444559556
6,50.75915853693631,45.945157722935505,48.97837142281587,49.84460395571506,44.21678732789844,44.22834367278812,43.90398901510013
7,50.907306685084464,46.27849105626883,49.26327170771615,50.02978914090025,44.83407127851573,45.30578475022919,44.75868986980098
8,51.192206969984746,50.08285952730398,50.02870380648159,50.31468942580053,45.24676969121413,48.331425775870215,45.49943061054172
9,51.52890730668508,50.36775981220426,50.93088804199915,50.59958971070082,45.58347002791447,48.331425775870215,45.647578758689875
