,Default Ensemble,Crossdock Default2018,Crossdock Dense,General Default2018,Redock Default2018,Default2017,Vina
1,40.433714644437245,34.338101430513,34.218168557205054,37.387912593282145,32.537044561823485,28.29792089810273,26.62787138859312
2,45.725748598340644,40.40046386290347,40.72384280844057,50.33378776166707,35.771249932281776,37.61284367309155,31.813617111283513
3,50.83412189150239,42.68011287029231,45.076773301245076,53.573080683334865,37.667854951575926,40.89282416109923,35.11706806135005
4,51.947531632843116,43.62137185418102,48.207838475348794,54.871679447289665,39.05219082939329,43.95344408914812,38.66783514441232
5,53.327485711130066,45.45557538184924,51.858951468715524,55.69026621112396,40.455337636736935,47.346754018355945,40.29122588712187
6,53.96386230099578,48.076337442108574,52.528749248690005,56.260568530763436,43.71428580422509,49.72793318245821,40.99858338176392
7,54.5405746814859,49.5726961508615,54.0201885114535,56.532988452879756,45.337139332531535,50.652320374480155,43.18512129373918
8,57.70874145704247,49.943795520348615,54.38127314768709,56.901297565092975,46.12015663738409,51.42280604901158,43.53726779538982
9,57.9407731583245,50.938733467281494,57.015624736644774,57.13520456950618,46.395762978979995,52.37944201405639,45.819314969941
