,Default Ensemble,Crossdock Default2018,Dense,General Default2018,Redock Default2018,Default2017,Vina
1,0.41883244077772946,0.41374230801282486,,0.3764260823607328,0.3386947087023075,0.27967555494151236,0.28938260152545864
2,0.49791091549450217,0.4906343504519797,,0.46136740834309214,0.4063141072031649,0.37082642534770194,0.36067523914788346
3,0.5350217656372672,0.5264606990442856,,0.5064089330122765,0.4409297381105892,0.42346184379619034,0.401538397435054
4,0.5570396101703093,0.5432055246340961,,0.5262516612060685,0.46359417009872944,0.45436113194471855,0.4337142813282631
5,0.5726719978771649,0.5580620687991509,,0.5421358066114905,0.4809240801414054,0.48033581582213797,0.45847012241389146
6,0.5837675276429075,0.5672876068544762,,0.5547560055614765,0.49493923165655684,0.5013052364724098,0.4718301666249996
7,0.5919002991267428,0.572622337136015,,0.5635911656732325,0.5048812045772533,0.5181941100102194,0.48551588398092954
8,0.5981211704539972,0.5779982850651544,,0.5702377224261723,0.513712450163818,0.5309523919174376,0.49680122984074354
9,0.6023381338350943,0.5821889981008521,,0.575062950389698,0.5202877998394715,0.5408959767014478,0.5077681175629504
