,Default Ensemble,Crossdock Default2018,Crossdock Dense,General Default2018,Redock Default2018,Default2017,Vina
1,38.575694147122725,33.989114060542626,30.952987488701773,34.62671455528598,29.82358118072404,22.97588126159555,18.675736961451253
2,40.5106956535528,37.604387675816255,34.41412952127238,40.46386153529011,36.42256949399806,33.53767264481551,24.85827664399093
3,41.833955726812874,40.532174175031315,36.15603840603841,42.96553842982414,37.910510124795834,36.30339105339106,29.16934652648938
4,45.20483484769199,41.3016428016428,42.736886129743276,45.31169227597799,40.11380682809254,39.73117755260613,32.32502418216704
5,45.970140970140974,42.433510933510924,44.84402898688612,45.58641755070326,40.11380682809254,40.72018854161712,34.35825285825286
6,47.07558314701173,42.433510933510924,45.443429586286726,46.27872524301096,40.851902066187776,40.86304568447426,38.76456083598941
7,47.218440289868866,42.75493950493951,45.718154861012,46.457296671582384,41.447140161425885,41.90200672343529,41.374450945879516
8,47.493165564594136,46.423437673437675,46.456250099107244,46.73202194630766,41.760065331493905,44.819589141017715,42.088736660165225
9,47.81784088926946,46.69816294816295,47.326213469070616,47.00674722103294,42.08474065616923,44.819589141017715,42.23159380302238
