,Default Ensemble,Crossdock Default2018,Crossdock Dense,General Default2018,Redock Default2018,Default2017,Vina
1,45.9851719162064,38.34273772204807,39.52321241976414,42.63356566804842,39.06851768920735,35.76085982982536,26.018609742747675
2,51.115332942919146,45.31899135347411,42.87152311290242,50.59528976770357,42.17285013836738,42.14619097377719,35.865900383141756
3,53.634962738411026,48.40942965080895,46.076616869720326,53.54691285725768,44.4709428502532,45.03124844504155,42.80061700751356
4,55.53389139596035,49.57047550150998,49.34494241390793,55.037112312974386,46.0275701310184,47.44036423346768,46.09016271085237
5,56.42968525727146,51.86932607622262,54.159231573024684,55.9920194747781,46.0275701310184,50.4205105239588,46.67950440364233
6,56.69493724666137,54.261899020519714,55.18234638924294,57.20129295991364,51.32313663348146,53.06568144499179,47.39616705133946
7,57.877203256513596,54.261899020519714,56.147863630622254,57.638958742407,53.57777854329577,54.41316155109258,49.65080896115379
8,58.63506608334193,54.66508204439239,56.147863630622254,58.53475260371811,53.734518355207996,55.368068712896296,49.91606095054372
9,58.63506608334193,56.265917990055904,56.812888261164105,58.53475260371811,54.04799797903246,56.37120350913455,53.6295888020026
