,DefE_Default,DefE_20,DefE_40,DefE_60,DefE_80,DefE_100
1,35.0552290744665,35.02644580100238,34.90772166500303,36.07279070904942,36.12105337772876,36.43482613278889
2,41.49318555046498,40.84775603309903,41.31257907679552,42.40392456307581,42.7082509080316,42.897569160775646
3,44.34789862047375,43.02795030392083,43.97096167099245,45.36147777427452,45.70395373012626,46.524556646675855
4,46.4980311061166,44.13694302162426,45.381483533843976,47.06338944999444,47.70633650631535,48.45251626673081
5,47.70669395327931,45.01331640883794,46.42394792225502,48.172370064496185,48.85514879914864,49.744853474365605
6,48.453401146795024,45.693610461674396,47.19189552682877,49.048440802269056,49.62938267064696,50.48864945924506
7,48.97594970298022,46.06611207353773,47.766650910296796,49.59312891802986,50.29262497791027,51.204281696355885
8,49.4243700769325,46.32273936760105,48.05388495284998,50.0177474437122,50.843866880216005,51.705433027294454
9,49.704765213710616,46.50504110841342,48.2599731908531,50.45004918452457,51.314339079411624,52.05934667528104
