,DefE_9,DefE_100
1,41.37423080128249,41.88324407777295
2,49.06343504519797,49.791091549450215
3,52.64606990442856,53.50217656372672
4,54.320552463409605,55.70396101703093
5,55.806206879915095,57.26719978771649
6,56.72876068544762,58.37675276429075
7,57.2622337136015,59.190029912674284
8,57.79982850651544,59.812117045399724
9,58.21889981008521,60.23381338350943
