,DefE_4,DefE_8,DefE_16,DefE_32,DefE_64
1,39.71471773751409,41.37423080128249,42.13268376338286,42.77051562081958,43.569800260529746
2,46.74018737088646,49.06343504519797,50.37988986697194,50.25265464019265,50.63564323214778
3,49.96102032044281,52.64606990442856,53.94339947455449,53.920557068733366,53.83755597661374
4,51.53763755663452,54.320552463409605,56.034807475536965,56.087776374250545,55.829488984504174
5,52.71655438448752,55.8062068799151,57.24989912147967,57.46218919547186,57.54838002254414
6,53.519293017013375,56.72876068544762,58.41076308021597,58.50791457782339,58.711165059189355
7,53.90941986078765,57.2622337136015,59.17741900112721,59.253777461984136,59.45246099729381
8,54.36045759374025,57.79982850651544,59.62730540314127,59.8750433119734,60.007517642776
9,54.62641504054879,58.21889981008521,59.9830206099203,60.295225375772475,60.33578511997965
