,DefE_0,DefE_1,DefE_5,DefE_10,DefE_20
1,41.37423080128249,41.450289916095365,41.48147563345132,41.47085049364686,41.68624916117316
2,49.06343504519797,48.51428308267216,49.09387294569666,48.91076527322728,48.91991232340777
3,52.64606990442856,51.997558081904586,52.43791365675864,52.43141247472553,52.46880770361013
4,54.32055246340961,54.17351982701527,54.48589345473845,54.428457391983244,54.492179721663014
5,55.80620687991509,55.55673100961855,55.91366662719247,55.92689925744637,56.01614275626435
6,56.72876068544762,56.49834317995413,56.785078312433946,56.86351465150858,56.895322087571344
7,57.262233713601496,57.0680831326728,57.42684552866923,57.46500831151287,57.42245512002351
8,57.79982850651544,57.687422422224856,57.931573661056945,58.014561595108695,58.014561595108695
9,58.21889981008521,58.13803032496041,58.409399027180164,58.408109536528976,58.418747834401316
