,DefE_9,DefE_100
1,36.02247467337353,37.578745417842185
2,42.700199322819294,44.297816041333846
3,45.63474933258677,48.01580731198947
4,47.8482208740412,50.007294586012115
5,49.0937277137884,51.34156758071665
6,49.85878041081865,52.10917652795171
7,50.39838501291977,52.8484013992731
8,50.861572285363714,53.363237914434926
9,51.15182020247096,53.72864825143113
