,DefE_9,DefE_100
1,41.37423080128249,41.88324407777295
2,49.06343504519797,49.79109154945022
3,52.64606990442856,53.50217656372672
4,54.32055246340961,55.703961017030934
5,55.80620687991509,57.26719978771649
6,56.72876068544762,58.37675276429075
7,57.262233713601496,59.19002991267428
8,57.79982850651544,59.81211704539972
9,58.21889981008521,60.23381338350943
