,DefE_2,DefE_4,DefE_6,DefE_8
1,34.98491697270491,36.02247467337353,37.708339393647975,36.53007015452664
2,41.380510845539476,42.700199322819294,44.24716253516653,42.93025992459221
3,44.2986085502641,45.63474933258677,47.352177902186796,45.780562157682226
4,46.06161093372635,47.8482208740412,48.979965088637314,47.17501838358107
5,47.17785019489399,49.0937277137884,49.9119096704945,48.362144355725604
6,47.88878459669643,49.85878041081865,50.685714380583754,49.14777644477858
7,48.49452688540208,50.39838501291977,51.31064479591762,49.731683051250286
8,48.81846448245629,50.861572285363714,51.671540481431634,49.97502224024164
9,49.19097751230828,51.15182020247096,51.96065897163711,50.34739984315922
