,DefE_2,DefE_4,DefE_6,DefE_8
1,44.83900775010197,41.37423080128249,39.0713660706062,37.20851809453633
2,52.35343008899241,49.06343504519797,45.87834927652557,43.693169208366776
3,56.11229753023067,52.64606990442856,49.134313170787344,46.61487870454436
4,58.49716443637416,54.32055246340961,50.8583391448133,48.575533888603815
5,59.77573498774108,55.80620687991509,51.956465435948715,49.79465738584281
6,60.69833484651114,56.72876068544762,52.72294481944938,50.516710746194036
7,61.47611262428892,57.262233713601496,53.3563533730707,50.91500436409252
8,62.568403312324286,57.79982850651544,53.96039531221901,51.21135694767914
9,63.05384281372124,58.21889981008521,54.185357702075024,51.4719952455515
