,DefE_4,DefE_8,DefE_16,Vina_4,Vina_8,Vina_16
1,33.74918665651997,35.0552290744665,36.54395365128888,24.846154926644324,25.147573366360643,25.123948055501284
2,39.50512651093622,41.49318555046498,43.32658139850052,30.848650698435243,30.924816146537133,30.614581759708916
3,41.64252527639852,44.34789862047375,46.97975452208649,34.43359595060184,34.69806653574112,34.61526057998876
4,42.77446342981527,46.4980311061166,48.96632456245399,36.54429807898317,36.90127976367444,38.02224407460835
5,43.52245574183937,47.70669395327931,49.99083916715982,38.03494927176202,38.78213896940573,39.8409511328791
6,44.085175879229574,48.45340114679502,50.76231532693386,39.20793077001957,40.80998475829378,41.51503130204412
7,44.610738729462504,48.975949702980216,51.53032981835259,40.228025332667336,42.185651995865136,42.58458816607792
8,44.91935682531465,49.42437007693251,52.01077584687296,40.9073522675154,43.118563407701956,43.991491546385554
9,45.22313933122482,49.70476521371062,52.290595318181786,41.60957203356495,43.803768695490824,45.03972356842581
