,DefE_20,DefE_40,DefE_60,DefE_80,DefE_100,DefE_Default
1,40.08684763396008,40.9394443786541,41.19958924898135,41.70197085926569,41.88324407777295,41.88324407777295
2,46.905873761496856,48.430502375031246,48.75842445295333,49.68037956639779,49.79109154945022,49.791091549450215
3,49.87293034557473,51.90417527423607,52.63950731807875,53.34511967262726,53.50217656372672,53.502176563726714
4,51.36100475006251,53.8341995728014,54.63261687653785,55.63411360675797,55.703961017030934,55.70396101703093
5,52.364819493238954,55.068349583547146,55.88854239310166,56.82533432457444,57.26719978771649,57.26719978771649
6,52.90398777176893,55.72951288832749,56.96159050338382,57.89181217296719,58.37675276429075,58.37675276429075
7,53.29576485655514,56.23682000201757,57.56528704325058,58.58915029583722,59.19002991267428,59.190029912674284
8,53.569942806265004,56.706555349412504,57.99828725816568,59.1881724320934,59.81211704539972,59.81211704539973
9,53.79495892489814,57.045678232608324,58.333971499624994,59.57706351399361,60.23381338350943,60.233813383509435
