,DefE_9,DefE_100
1,37.35312473772226,38.336963688041244
2,44.1357615001071,45.172868503302354
3,47.09089197875089,48.916678011128894
4,49.30021971455171,50.919028666111785
5,50.559581030838594,52.26625462895418
6,51.32805613142916,53.02983176023424
7,51.87295277496313,53.77799149551424
8,52.342591468446464,54.29648569834211
9,52.638397744268865,54.667788770689924
