,DefE_4,DefE_8,DefE_16,Vina_4,Vina_8,Vina_16
1,35.46244998365917,37.35312473772226,38.470672136541815,26.549883734398517,26.847205563730622,26.82902973023532
2,41.436227561773464,44.1357615001071,45.592890598373344,32.79665729050929,32.84511202120914,32.51557966638502
3,43.6481482159815,47.09089197875089,49.4035723026289,36.164968499667566,37.324625175470594,37.19807156769023
4,44.81390067219904,49.30021971455171,51.4776907498355,38.32723583181804,39.58840632308034,40.35817653179361
5,45.59269596475728,50.559581030838594,52.55166119731862,39.85056118894065,41.53031326823214,42.25182629251378
6,46.18255646700202,51.32805613142916,53.35022952670773,41.088230622853494,43.63709583214745,43.99640328771083
7,46.73749933406803,51.87295277496313,54.14624108654601,42.14670605620794,44.70752777327054,45.113659611821134
8,47.06157002917318,52.342591468446464,54.65279455043058,42.85859207788193,45.68244825669514,46.20481774877872
9,47.42494235985749,52.638397744268865,54.945490704741076,43.580662873667066,46.399421893172715,47.30800069185352
