,DefE_0.5,DefE_1.0,DefE_1.5
1,36.02247467337353,36.02247467337353,36.02247467337353
2,42.614795596111215,42.700199322819294,42.84166654559189
3,45.606060807996606,45.63474933258677,45.74256706130613
4,47.83653316950637,47.8482208740412,47.97230831179324
5,49.082858148571006,49.0937277137884,49.14088570631682
6,49.820572242175714,49.85878041081865,49.940858852472104
7,50.38587916906751,50.39838501291977,50.4632551512907
8,50.87162371126366,50.861572285363714,50.81568115562766
9,51.16187162837093,51.15182020247096,51.02879617291517
