,DefE_4,DefE_8,DefE_16,DefE_32,DefE_64
1,39.714717737514086,41.37423080128249,42.13268376338286,42.77051562081958,43.56980026052975
2,46.74018737088646,49.06343504519797,50.379889866971936,50.25265464019264,50.635643232147785
3,49.96102032044281,52.64606990442856,53.94339947455449,53.920557068733366,53.837555976613736
4,51.53763755663452,54.32055246340961,56.034807475536965,56.08777637425055,55.82948898450418
5,52.71655438448752,55.80620687991509,57.249899121479665,57.46218919547186,57.54838002254415
6,53.51929301701338,56.72876068544762,58.410763080215965,58.50791457782339,58.71116505918936
7,53.909419860787644,57.262233713601496,59.17741900112722,59.253777461984136,59.45246099729382
8,54.360457593740264,57.79982850651544,59.62730540314127,59.8750433119734,60.007517642776
9,54.62641504054878,58.21889981008521,59.98302060992029,60.295225375772475,60.33578511997965
