,DefE_2,DefE_4,DefE_6,DefE_8
1,34.26141703896503,35.0552290744665,36.500663719037384,35.553327733659394
2,40.437871281672976,41.49318555046498,42.856392139403575,41.72439802255892
3,43.2723241750405,44.34789862047375,45.878269661887074,44.49297175962175
4,44.95857007445635,46.4980311061166,47.46079269142062,45.84940409497948
5,46.0353649723239,47.70669395327931,48.3618615928935,46.99898394177183
6,46.725603221072795,48.453401146795024,49.111738784260034,47.762991801524365
7,47.30851002758586,48.97594970298022,49.72056258457321,48.329454298837916
8,47.62373895603668,49.4243700769325,50.067953134293404,48.56543108800621
9,47.98537200383994,49.704765213710616,50.349868027910425,48.925882102712535
