,DefE_Default,DefE_20,DefE_40,DefE_60,DefE_80,DefE_100
1,37.35312473772226,36.347639268722155,37.28001580911444,38.43734672885702,38.44001495037743,38.336963688041244
2,44.1357615001071,42.37456696530614,43.91983491100139,45.06713319704893,45.36463088516095,45.172868503302354
3,47.09089197875089,44.64051981693166,46.66163874427156,48.12261714311215,48.469467858112246,48.916678011128894
4,49.30021971455171,45.8159238059479,48.11804777611063,49.867735869245024,50.54574159465781,50.919028666111785
5,50.559581030838594,46.73179869515356,49.214932258763504,51.01377897682562,51.75744531861001,52.26625462895418
6,51.32805613142916,47.438327823387326,50.007209546895545,51.91933850687126,52.54991070904442,53.02983176023424
7,51.87295277496313,47.82627535402675,50.60341544591389,52.49301697858799,53.247095539520814,53.77799149551424
8,52.342591468446464,48.107181064508616,50.90772892624243,52.9377922285187,53.827046711322346,54.29648569834211
9,52.638397744268865,48.29960019371975,51.122243454056175,53.38957796818504,54.31751895672269,54.667788770689924
