,DefE_0.5,DefE_1.0,DefE_1.5
1,41.37423080128249,41.37423080128249,41.37423080128249
2,48.92117659442888,49.06343504519797,49.36023281008085
3,52.57160181932219,52.64606990442856,52.745038311907614
4,54.29927586766493,54.32055246340961,54.49920064737695
5,55.76365368842574,55.80620687991509,55.91471598310503
6,56.686207493958264,56.72876068544762,56.74364355671347
7,57.219680522112135,57.262233713601496,57.25985429632846
8,57.7359987192814,57.79982850651544,57.84516024333654
9,58.17786637543476,58.21889981008521,58.171027469659684
