,DefE_4,DefE_8,DefE_16
1,33.749186656519974,35.0552290744665,36.54395365128888
2,39.505126510936215,41.49318555046498,43.326581398500515
3,41.64252527639852,44.34789862047375,46.979754522086495
4,42.77446342981527,46.4980311061166,48.966324562454005
5,43.52245574183937,47.70669395327931,49.99083916715983
6,44.085175879229574,48.453401146795024,50.76231532693386
7,44.61073872946249,48.97594970298022,51.53032981835259
8,44.91935682531464,49.4243700769325,52.01077584687296
9,45.22313933122482,49.704765213710616,52.29059531818178
