,DefE_0,DefE_1,DefE_5,DefE_10,DefE_20
1,41.37423080128249,41.450289916095365,41.48147563345132,41.47085049364686,41.68624916117316
2,49.06343504519797,48.51428308267216,49.09387294569666,48.910765273227284,48.91991232340777
3,52.64606990442856,51.99755808190457,52.43791365675865,52.43141247472553,52.46880770361013
4,54.320552463409605,54.173519827015284,54.48589345473845,54.42845739198325,54.49217972166301
5,55.8062068799151,55.55673100961855,55.91366662719247,55.926899257446365,56.01614275626435
6,56.72876068544762,56.49834317995413,56.78507831243394,56.86351465150858,56.895322087571344
7,57.2622337136015,57.0680831326728,57.42684552866921,57.46500831151287,57.42245512002351
8,57.79982850651544,57.687422422224856,57.93157366105696,58.0145615951087,58.0145615951087
9,58.21889981008521,58.1380303249604,58.40939902718016,58.408109536528976,58.41874783440132
