,DefE_0,DefE_1,DefE_5,DefE_10,DefE_20
1,37.35312473772226,37.57121686524624,38.011306076414726,37.96263171707801,37.85402851706303
2,44.1357615001071,43.814478379689206,44.05179460438781,44.349386412570226,44.335547256834886
3,47.09089197875089,46.75361306756457,47.12282890953674,47.240668538297605,47.28326867857178
4,49.30021971455171,49.26837018118002,49.474810572122344,49.4833311972834,49.40659002990383
5,50.559581030838594,50.5298051612957,50.82764793166346,50.78859540987436,50.819550743259384
6,51.32805613142916,51.21697532199079,51.56922275618182,51.519990019608926,51.522680295425864
7,51.87295277496313,51.96226898523209,52.04320235346079,52.0684124374944,52.03196742470667
8,52.342591468446464,52.297843710572174,52.42351274949562,52.5109084673754,52.49579155104367
9,52.638397744268865,52.707613031079816,52.8609780277375,52.86953869838257,52.857537174244726
