,DefE_8,DefE_16,DefE_32,DefE_64
1,16.618516910310223,19.824963705662796,22.47902494331066,24.561640065439466
2,19.870167151322164,24.017243647942728,28.30625293315263,31.38530441190016
3,20.987564529357844,26.490340881678264,31.28479979999737,34.346514427821425
4,21.57351522169152,27.452784466462283,32.64331657872691,36.7581152383584
5,22.009700785536648,28.061157602950914,33.55778255854244,37.82345162436347
6,22.350126317451547,28.424632780255887,34.193340263249084,38.54083825664373
7,22.509700785536648,28.914923222673988,34.71995135900912,39.11496861800813
8,22.61753444124265,29.046719912981324,35.000684219529205,39.49286065167524
9,22.77710890932775,29.274529928025373,35.261322517401545,39.90592749027399
