,DefE_8,DefE_16,DefE_32,DefE_64,Vina_8,Vina_16,Vina_32,Vina_64
1,16.649623831936946,19.867382235153773,22.52709927673377,24.6153702027947,12.411580115727705,14.654958318072474,15.530804299945542,16.66163496877013
2,19.921069386711334,24.082285393162238,28.374122580338195,31.456001961051783,16.18991383575278,18.901012021976968,20.74093538206117,22.20928148454985
3,21.04129466671308,26.561038430829893,31.36115315308113,34.422867780905186,17.960973378896888,21.105023492147886,23.56409537755965,25.509150589534176
4,21.62724535904675,27.523482015613904,32.71966993181067,36.84012439537428,19.15278511326182,22.87337356981657,25.39608111932186,27.54992529048933
5,22.066258824857954,28.13468305406861,33.63696381359226,37.908288683345425,19.84435676840741,24.06751099267739,26.656411326864557,28.93352466385439
6,22.406684356772853,28.498158231373573,34.272521518298895,38.625675315625685,20.383110567799505,24.805257583613553,27.50157927350032,30.080043039096175
7,22.56625882485796,28.988448673791684,34.79913261405893,39.19980567699008,20.83965826943204,25.55218629903136,28.30974781591341,31.313981438130185
8,22.674092480563957,29.120245364099013,35.07986547457902,39.5776977106572,21.21670710412967,26.12036374507037,29.031459080379857,32.159686672537276
9,22.833666948649057,29.348055379143073,35.34050377245137,39.99076454925595,21.57034554307649,26.53014875612121,29.890884876177868,32.98979190709982
