,DefE_8,DefE_16,DefE_32,DefE_64,Vina_8,Vina_16,Vina_32,Vina_64
1,16.649623831936943,19.867382235153773,22.527099276733768,24.6153702027947,12.411580115727707,14.654958318072477,15.530804299945542,16.66163496877013
2,19.921069386711338,24.082285393162234,28.374122580338195,31.456001961051783,16.18991383575278,18.90101202197697,20.740935382061167,22.209281484549855
3,21.041294666713082,26.561038430829893,31.361153153081133,34.422867780905186,17.960973378896888,21.105023492147883,23.564095377559653,25.50915058953418
4,21.62724535904675,27.523482015613904,32.71966993181067,36.84012439537428,19.15278511326182,22.87337356981657,25.396081119321863,27.549925290489334
5,22.066258824857954,28.13468305406861,33.63696381359226,37.908288683345425,19.844356768407405,24.067510992677395,26.65641132686456,28.93352466385439
6,22.406684356772853,28.498158231373576,34.2725215182989,38.625675315625685,20.383110567799502,24.805257583613553,27.50157927350032,30.08004303909617
7,22.566258824857957,28.988448673791684,34.799132614058934,39.19980567699008,20.839658269432036,25.55218629903136,28.30974781591341,31.313981438130185
8,22.674092480563953,29.120245364099006,35.07986547457902,39.5776977106572,21.21670710412967,26.120363745070375,29.03145908037986,32.159686672537276
9,22.83366694864906,29.34805537914307,35.34050377245137,39.99076454925595,21.570345543076485,26.530148756121207,29.89088487617787,32.98979190709982
