,DefE_8,DefE_16,DefE_32,DefE_64
1,16.618516910310227,19.8249637056628,22.479024943310662,24.561640065439462
2,19.870167151322164,24.017243647942728,28.306252933152628,31.385304411900158
3,20.987564529357844,26.490340881678268,31.284799799997373,34.346514427821425
4,21.57351522169152,27.452784466462283,32.64331657872691,36.7581152383584
5,22.009700785536648,28.061157602950917,33.55778255854244,37.82345162436347
6,22.350126317451547,28.42463278025589,34.193340263249084,38.540838256643724
7,22.509700785536648,28.914923222673988,34.71995135900912,39.114968618008135
8,22.617534441242647,29.046719912981324,35.000684219529205,39.492860651675244
9,22.77710890932775,29.27452992802537,35.261322517401545,39.90592749027399
